Title,Type,Netflix Release Date,Days in Top Ten,Viewership Score,first_air_date,genre_ids,id,media_type,name,origin_country,original_language,overview,popularity,vote_average,vote_count,release_date
The Queen's Gambit,TV Show,23-Oct-20,73,446,10/23/2020,[18],87739,tv,The Queen's Gambit,['US'],en,"In a Kentucky orphanage in the 1950s, a young girl discovers an astonishing talent for chess while struggling with addiction.",100.144,8.7,1933,
Bridgerton,TV Show,25-Dec-20,58,432,12/25/2020,[18],91239,tv,Bridgerton,['US'],en,"Wealth, lust, and betrayal set in the backdrop of Regency era England, seen through the eyes of the powerful Bridgerton family.",99.582,8.2,1124,
Cobra Kai,TV Show,28-Aug-20,53,370,5/2/2018,"[10759, 18]",77169,tv,Cobra Kai,['US'],en,"This Karate Kid sequel series picks up 30 years after the events of the 1984 All Valley Karate Tournament and finds Johnny Lawrence on the hunt for redemption by reopening the infamous Cobra Kai karate dojo. This reignites his old rivalry with the successful Daniel LaRusso, who has been working to maintain the balance in his life without mentor Mr. Miyagi.",329.624,8.1,3157,
Ginny & Georgia,TV Show,24-Feb-21,44,335,2/24/2021,"[35, 18]",117581,tv,Ginny & Georgia,['US'],en,"Angsty and awkward fifteen year old Ginny Miller often feels more mature than her thirty year old mother, the irresistible and dynamic Georgia Miller. After years on the run, Georgia desperately wants to put down roots in picturesque New England and give her family something they've never had... a normal life. But it's not all carpool and Kombucha as Georgia's past threatens her and her family's new way of life... and Georgia will do anything to protect her family.",122.521,8.1,553,
Who Killed Sara?,TV Show,24-Mar-21,40,283,3/24/2021,"[18, 80, 9648]",120168,tv,Who Killed Sara?,['MX'],es,"Hell-bent on exacting revenge and proving he was framed for his sister's murder, Álex sets out to unearth much more than the crime's real culprit.",798.923,7.8,761,
iCarly,TV Show,8-Feb-21,42,244,9/8/2007,"[10751, 35, 18, 10762]",5371,tv,iCarly,['US'],en,"Watch Carly, Sam, and Freddie, as they try to balance their everyday 8th grade lives with their newfound fame managing and starring in the most awesome show on the web.",153.554,8.0,944,
The Mitchells vs. the Machines,Movie,30-Apr-21,31,204,,"[16, 12, 35, 10751, 878]",501929,movie,The Mitchells vs. the Machines,,en,"A quirky, dysfunctional family's road trip is upended when they find themselves in the middle of the robot apocalypse and suddenly become humanity's unlikeliest last hope.",121.52,8.0,859,4/22/2021
Firefly Lane,TV Show,3-Feb-21,27,182,2/3/2021,[18],87049,tv,Firefly Lane,['US'],en,"For decades, childhood best friends Kate and Tully have weathered life's storms together -- until a betrayal threatens to break them apart for good.",29.649,7.9,71,
Lucifer,TV Show,15-Dec-18,23,166,1/25/2016,"[80, 10765]",63174,tv,Lucifer,['US'],en,"Bored and unhappy as the Lord of Hell, Lucifer Morningstar abandoned his throne and retired to Los Angeles, where he has teamed up with LAPD detective Chloe Decker to take down criminals. But the longer he's away from the underworld, the greater the threat that the worst of humanity could escape.",1642.45,8.5,9007,
Shadow and Bone,TV Show,23-Apr-21,21,161,4/23/2021,[10765],85720,tv,Shadow and Bone,['US'],en,"In a world cleaved in two by a massive barrier of perpetual darkness, a young soldier uncovers a power that might finally unite her country. But as she struggles to hone her power, dangerous forces plot against her. Thugs, thieves, assassins and saints are at war now, and it will take more than magic to survive.",82.507,8.3,435,
Behind Her Eyes,TV Show,17-Feb-21,26,154,2/17/2021,[18],97173,tv,Behind Her Eyes,['GB'],en,A single mother enters a world of twisted mind games when she begins an affair with her psychiatrist boss while secretly befriending his mysterious wife.,73.176,7.5,209,
Selena: The Series,TV Show,4-Dec-20,21,149,12/4/2020,[18],97180,tv,Selena: The Series,['US'],en,"As Mexican-American Tejano singer Selena comes of age and realizes her dreams, she and her family make tough choices to hold on to love and music.",266.564,7.5,1356,
Jurassic World: Camp Cretaceous,TV Show,18-Sep-20,24,147,9/18/2020,"[10762, 16, 10759]",93741,tv,Jurassic World: Camp Cretaceous,['US'],en,Six teens attending an adventure camp on the opposite side of Isla Nublar must band together to survive when dinosaurs wreak havoc on the island.,329.449,7.9,1170,
We Can Be Heroes,Movie,25-Dec-20,24,144,,"[28, 14, 10751, 35]",615677,movie,We Can Be Heroes,,en,"When alien invaders capture Earth's superheroes, their kids must learn to work together to save their parents - and the planet.",176.566,6.3,483,12/25/2020
Jupiter's Legacy,TV Show,7-May-21,20,139,5/7/2021,"[10765, 10759, 18, 9648]",93484,tv,Jupiter's Legacy,['US'],en,"As the world's first generation of superheroes (who received their powers in the 1930s) become the revered elder guard in the present, their superpowered children struggle to live up to the legendary feats of their parents.",439.21,7.5,290,
Yes Day,Movie,12-Mar-21,15,126,,"[35, 10751]",638597,movie,Yes Day,,en,A mom and dad who usually say no decide to say yes to their kids' wildest requests — with a few ground rules — on a whirlwind day of fun and adventure.,128.535,7.0,572,3/12/2021
Night Stalker: The Hunt for a Serial Killer,TV Show,13-Jan-21,16,124,1/13/2021,"[99, 80]",114705,tv,Night Stalker: The Hunt for a Serial Killer,['US'],en,"Beneath the sunlit glamour of 1985 L.A. lurks a relentlessly evil serial killer. In this true-crime story, two detectives won't rest until they catch him.",8.936,7.3,119,
Good Girls,TV Show,1-Jan-19,22,118,2/26/2018,"[35, 18, 80]",71715,tv,Good Girls,['US'],en,"Three ""good girl"" suburban wives and mothers suddenly find themselves in desperate circumstances and decide to stop playing it safe and risk everything to take their power back.",27.826,8.1,277,
Crime Scene: The Vanishing at the Cecil Hotel,TV Show,10-Feb-21,16,115,2/10/2021,"[99, 80, 9648]",116989,tv,Crime Scene: The Vanishing at the Cecil Hotel,['US'],en,The notorious Cecil Hotel grows in infamy when guest Elisa Lam vanishes. A dive into crime's darkest places.,48.176,7.4,183,
The Baker and the Beauty,TV Show,13-Apr-21,16,115,4/13/2020,"[35, 18]",92045,tv,The Baker and the Beauty,['US'],en,"Daniel Garcia is working in the family bakery and doing everything that his loving Cuban parents and siblings expect him to do. But on a wild Miami night he meets Noa Hamilton, an international superstar and fashion mogul, and his life moves into the spotlight. Will this unlikely couple upend their lives to be together and pull their families into a culture clash?",16.563,8.3,33,
Thunder Force,Movie,9-Apr-21,16,112,,"[28, 12, 35]",615678,movie,Thunder Force,,en,"In a world where supervillains are commonplace, two estranged childhood best friends reunite after one devises a treatment that gives them powers to protect their city.",475.745,5.8,621,4/9/2021
The Upshaws,TV Show,12-May-21,16,107,5/12/2021,"[35, 10751]",121509,tv,The Upshaws,['US'],en,"Bennie Upshaw, the head of a Black working class family in Indianapolis, is a charming, well-intentioned mechanic and lifelong mess just trying his best to step up and care for his family and tolerate his sardonic sister-in-law, all without a blueprint for success.",5.407,8.9,10,
Fate: The Winx Saga,TV Show,22-Jan-21,14,106,1/22/2021,"[10765, 18]",97175,tv,Fate: The Winx Saga,['US'],en,"The coming-of-age journey of five fairies attending Alfea, a magical boarding school in the Otherworld where they must learn to master their powers while navigating love, rivalries, and the monsters that threaten their very existence.",124.267,8.4,715,
I Care a Lot,Movie,19-Feb-21,15,103,,"[35, 80, 53]",601666,movie,I Care a Lot,,en,A court-appointed legal guardian defrauds her older clients and traps them under her care. But her latest mark comes with some unexpected baggage.,98.503,6.7,1446,2/19/2021
The Woman in the Window,Movie,14-May-21,11,100,,"[80, 9648, 53]",520663,movie,The Woman in the Window,,en,An agoraphobic woman living alone in New York begins spying on her new neighbors only to witness a disturbing act of violence.,142.646,6.2,804,5/14/2021
The Serpent,TV Show,2-Apr-21,25,99,1/1/2021,"[18, 80]",93454,tv,The Serpent,['GB'],en,"The remarkable story of how murderer Charles Sobhraj was captured. As the chief suspect in unsolved murders of young Western travellers across India, Thailand and Nepal’s ‘Hippie Trail’ in 1975 and 1976, Sobhraj had repeatedly slipped from the grasp of authorities worldwide to become Interpol's most wanted man, with arrest warrants on three different continents.",33.73,7.5,73,
Army of the Dead,Movie,21-May-21,10,89,,"[28, 27, 53]",503736,movie,Army of the Dead,,en,"Following a zombie outbreak in Las Vegas, a group of mercenaries take the ultimate gamble: venturing into the quarantine zone to pull off the greatest heist ever attempted.",2615.629,6.6,1290,5/14/2021
Lupin,TV Show,8-Jan-21,14,87,1/8/2021,"[80, 18, 9648]",96677,tv,Lupin,['FR'],fr,"Inspired by the adventures of Arsène Lupin, gentleman thief Assane Diop sets out to avenge his father for an injustice inflicted by a wealthy family.",157.164,7.9,814,
StartUp,TV Show,4-May-21,19,84,9/6/2016,"[80, 18]",66310,tv,StartUp,['US'],en,"A desperate banker needs to conceal stolen money. A Haitian-American gang lord wants to go legit. A Cuban-American hacker has an idea that will revolutionize the very future of money itself. Forced to work together, they unwittingly create their version of the American dream - organized crime 2.0.",44.898,7.5,94,
Deadly Illusions,Movie,18-Mar-21,10,82,,"[18, 53]",802443,movie,Deadly Illusions,,en,"A bestselling female novelist, suffering from writer's block, hires an innocent young woman to watch over her twin children. As the novelist dangerously indulges in her new best seller, the line between the life she's writing and the one she's living becomes blurred.",38.894,5.0,185,3/18/2021
The Midnight Sky,Movie,23-Dec-20,10,82,,"[878, 18]",614911,movie,The Midnight Sky,,en,A lone scientist in the Arctic races to contact a crew of astronauts returning home to a mysterious global catastrophe.,19.914,5.9,1264,12/10/2020
Bad Trip,Movie,26-Mar-21,9,78,,[35],578908,movie,Bad Trip,,en,Two pals embark on a road trip full of funny pranks that pull real people into mayhem.,279.493,6.0,222,3/26/2021
The Sinner,TV Show,2-Jul-18,13,77,8/2/2017,"[80, 18]",39852,tv,The Sinner,['US'],en,"A young mother kills a stranger in a fit of unexplainable rage. An inquisitive detective obsesses over the case, attempting to get to the bottom of the true motive behind the act.",30.984,7.5,562,
Bigfoot Family,Movie,26-Feb-21,10,75,,"[16, 12, 10751]",702525,movie,Bigfoot Family,,en,"Bigfoot, Adam's father, wants to use his fame for a good cause. Protecting a large wildlife reserve in Alaska sounds like the perfect opportunity! When Bigfoot mysteriously disappears without a trace, Adam and his animal friends will brave anything to find him again and save the nature reserve.",8.901,7.3,90,7/23/2020
Henry Danger,TV Show,15-Jan-21,22,75,7/26/2014,"[35, 10751, 10759, 10765, 9648, 18]",61852,tv,Henry Danger,['US'],en,"When 13-year-old Henry Hart lands a job as Danger, the sidekick-in-training to superhero Captain Man, he must learn to navigate a double life balancing the challenges of 8th grade with the crazy adventures of a real-life crime fighter!",59.1,8.3,717,
Homefront,Movie,18-Jan-21,12,74,,"[28, 53]",204082,movie,Homefront,,en,"Phil Broker is a former DEA agent who has gone through a crisis after his action against a biker gang went horribly wrong and it cost the life of his boss' son. He is recently widowed and is left with a 9-years-old daughter, Maddy. He decides to quit the turbulent and demanding life of thrill for Maddy's sake and retires to a small town. His daughter fights off a boy who was bullying her at school and this sets in motion a round of events that end in his direct confrontation with the local Meth drug lord. His past history with the biker gang also enters the arena, making matters more complex. But he has a mission in his mind to protect his daughter and he is ready to pay any cost that it demands.",35.675,6.9,2550,11/12/2013
Jenni Rivera: Mariposa de Barrio,TV Show,1-Jan-21,21,73,6/27/2017,"[10766, 18]",83111,tv,Jenni Rivera: Mariposa de Barrio,[],es,,19.482,7.7,143,
Murder Among the Mormons,TV Show,3-Mar-21,10,72,3/3/2021,[99],119337,tv,Murder Among the Mormons,[],en,High-stakes exploits turn deadly — and shake a global church to its core — in this extraordinary true crime story.,3.779,7.4,33,
Dad Stop Embarrassing Me!,TV Show,14-Apr-21,9,70,4/14/2021,[35],119122,tv,Dad Stop Embarrassing Me!,['US'],en,A single dad and cosmetics brand owner figures out fatherhood on the fly when his strong-minded teen daughter moves in with him.,5.782,8.4,19,
Stowaway,Movie,22-Apr-21,9,70,,"[18, 878, 53]",559581,movie,Stowaway,,en,A three-person crew on a mission to Mars faces an impossible choice when an unplanned passenger jeopardizes the lives of everyone on board.,92.59,6.0,565,4/22/2021
Outside the Wire,Movie,15-Jan-21,9,69,,"[53, 28, 878]",775996,movie,Outside the Wire,,en,"In the near future, a drone pilot is sent into a deadly militarized zone and must work with an android officer to locate a doomsday device.",352.714,6.5,1112,1/15/2021
L.A.'s Finest,TV Show,5-Jan-21,13,67,5/13/2019,"[80, 18]",85385,tv,L.A.'s Finest,['US'],en,"Syd Burnett has left her complicated past behind to become an LAPD detective. Paired with a new partner, Nancy McKenna, a working mom with an equally complex past, Syd is pushed to examine whether her unapologetic lifestyle might be masking a greater personal secret. These two women don't agree on much, but they find common ground when it comes to taking on the most dangerous criminals in Los Angeles.",26.641,7.3,161,
The One,TV Show,12-Mar-21,13,67,3/12/2021,"[80, 18, 10765]",119284,tv,The One,['GB'],en,"Love — and lies — spiral when a DNA researcher helps discover a way to find the perfect partner, and creates a bold new matchmaking service.",31.583,7.2,57,
Synchronic,Movie,16-Apr-21,9,64,,"[878, 18, 53, 27]",549294,movie,Synchronic,,en,"Two New Orleans paramedics' lives are ripped apart after encountering a series of horrific deaths linked to a designer drug with bizarre, otherworldly effects.",18.423,6.5,261,10/23/2020
What Lies Below,Movie,4-Apr-21,8,61,,"[27, 53, 9648, 878]",716703,movie,What Lies Below,,en,"Liberty, a socially awkward 16-year-old, returns from two months at camp to a blindsided introduction of her mother’s fiancé, John Smith, whose charm, intelligence, and beauty paint the picture of a man too perfect to be human.",32.634,5.9,52,12/17/2020
Concrete Cowboy,Movie,2-Apr-21,10,60,,"[18, 37]",621954,movie,Concrete Cowboy,,en,"Sent to live with his estranged father for the summer, a rebellious teen finds kinship in a tight-knit Philadelphia community of Black cowboys.",19.855,6.3,80,9/10/2020
Savages,Movie,16-Mar-21,10,60,,"[80, 18, 53]",82525,movie,Savages,,en,Pot growers Ben and Chon face off against the Mexican drug cartel who kidnapped their shared girlfriend.,11.044,6.4,1699,7/6/2012
The Next Three Days,Movie,22-Jan-21,9,60,,"[10749, 18, 53, 80]",43539,movie,The Next Three Days,,en,"A married couple's life is turned upside down when the wife is accused of murdering her boss. Her husband John would spend the next few years trying to get her released, but there's no evidence that negates the evidence against her. When the strain of being separated from her husband and son gets to her, John decides to find a way to break her out.",15.434,7.1,2118,11/18/2010
The Sons of Sam: A Descent Into Darkness,TV Show,5-May-21,8,60,5/5/2021,"[99, 80]",122672,tv,The Sons of Sam: A Descent Into Darkness,['US'],en,"The Son of Sam case grew into a lifelong obsession for journalist Maury Terry, who became convinced that the murders were linked to a satanic cult.",24.725,7.5,26,
This is a Robbery: The World's Biggest Art Heist,TV Show,7-Apr-21,9,59,4/7/2021,"[99, 80]",120582,tv,This is a Robbery: The World's Biggest Art Heist,['US'],en,"In 1990, two men dressed as cops con their way into a Boston museum and steal a fortune in art. Take a deep dive into this daring and notorious crime.",3.62,7.4,15,
Finding 'Ohana,Movie,29-Jan-21,9,57,,"[28, 12, 35, 10751]",644092,movie,Finding 'Ohana,,en,"Two Brooklyn siblings' summer in a rural Oahu town takes an exciting turn when a journal pointing to long-lost treasure sets them on an adventure, leading them to reconnect with their Hawaiian heritage.",138.957,6.5,238,1/29/2021
Madagascar 3: Europe's Most Wanted,Movie,1-May-21,12,56,,"[16, 10751, 35, 12]",80321,movie,Madagascar 3: Europe's Most Wanted,,en,"Animal pals Alex, Marty, Melman, and Gloria are still trying to make it back to New York's Central Park Zoo. They are forced to take a detour to Europe to find the penguins and chimps who broke the bank at a Monte Carlo casino. When French animal-control officer Capitaine Chantel DuBois picks up their scent, Alex and company are forced to hide out in a traveling circus.",54.9,6.6,4684,6/6/2012
Last Chance U: Basketball,TV Show,10-Mar-21,8,55,3/10/2021,[99],118876,tv,Last Chance U: Basketball,['US'],en,Hit the hardwood in East Los Angeles as a coach with strong convictions leads young men who hope to fulfill major college potential.,23.097,7.7,21,
The Irregulars,TV Show,26-Mar-21,8,55,3/26/2021,"[18, 9648, 10765]",98187,tv,The Irregulars,['GB'],en,"In Victorian London, a gang of troubled street teens are manipulated into solving crimes for the sinister Doctor Watson and his mysterious business partner, the elusive Sherlock Holmes. As the crimes take on a horrifying supernatural edge and a dark power emerges, it'll be up to the Irregulars to come together to save not only London but the entire world.",21.396,7.9,157,
Chilling Adventures of Sabrina,TV Show,26-Oct-18,9,54,10/26/2018,"[9648, 10765, 18]",79242,tv,Chilling Adventures of Sabrina,['US'],en,"As her 16th birthday nears, Sabrina must choose between the witch world of her family and the human world of her friends. Based on the Archie comic.",165.417,8.4,2555,
The Dig,Movie,29-Jan-21,9,54,,"[18, 36]",532865,movie,The Dig,,en,"As WWII looms, a wealthy widow hires an amateur archaeologist to excavate the burial mounds on her estate. When they make a historic discovery, the echoes of Britain's past resonate in the face of its uncertain future‎.",39.348,6.9,598,1/14/2021
"Nicky, Ricky, Dicky & Dawn",TV Show,12-Apr-21,18,51,9/13/2014,[],61854,tv,"Nicky, Ricky, Dicky & Dawn",['US'],en,The story of a 10-year-old girl Dawn Haley whose sibling rivalry with her three brothers is heightened by the fact that they are quadruplets.,19.445,7.7,36,
Death to 2020,Concert/Performance,27-Dec-20,8,50,,[35],773655,movie,Death to 2020,,en,"2020: A year so [insert adjective of choice here], even the creators of Black Mirror couldn't make it up… but that doesn't mean they don't have a little something to add. This comedy event that tells the story of the dreadful year that was — and perhaps still is? The documentary-style special weaves together some of the world's most (fictitious) renowned voices with real-life archival footage.",10.873,6.6,433,12/27/2020
Why Did You Kill Me?,Movie,14-Apr-21,8,50,,"[99, 80]",810731,movie,Why Did You Kill Me?,,en,The line between justice and revenge blurs when a devastated family uses social media to track down the people who killed 24-year-old Crystal Theobald.,31.089,6.6,69,4/14/2021
Nailed It!,TV Show,9-Mar-18,15,47,3/9/2018,"[10764, 10751]",77791,tv,Nailed It!,['US'],en,"Home bakers with a terrible track record take a crack at re-creating edible masterpieces for a $10,000 prize. It's part reality contest, part hot mess.",8.708,7.5,28,
History of Swear Words,TV Show,5-Jan-21,8,46,1/5/2021,"[99, 35]",114591,tv,History of Swear Words,['US'],en,This proudly profane series explores the history and impact of some of the most notorious bad words in the English language.,4.341,7.2,29,
Secret Magic Control Agency,Movie,25-Mar-21,8,44,,"[16, 35, 14]",797394,movie,Secret Magic Control Agency,,ru,"The Secret Magic Control Agency sends its two best agents, Hansel and Gretel, to fight against the witch of the Gingerbread House.",168.196,7.2,145,3/18/2021
War Dogs,Movie,8-Feb-21,8,44,,"[35, 80, 18]",308266,movie,War Dogs,,en,"Based on the true story of two young men, David Packouz and Efraim Diveroli, who won a $300 million contract from the Pentagon to arm America's allies in Afghanistan.",25.617,6.8,3437,8/17/2016
Things Heard & Seen,Movie,29-Apr-21,7,43,,"[27, 9648, 18, 53]",631060,movie,Things Heard & Seen,,en,"Catherine Clare reluctantly trades life in 1980 Manhattan for a remote home in the tiny hamlet of Chosen, New York, after her husband George lands a job teaching art history at a small Hudson Valley college. Even as she does her best to transform the old dairy farm into a place where young daughter Franny will be happy, Catherine increasingly finds herself isolated and alone. She soon comes to sense a sinister darkness lurking both in the walls of the ramshackle property—and in her marriage to George.",24.835,5.8,402,4/29/2021
Friends with Benefits,Movie,1-Apr-21,7,38,,"[10749, 35]",50544,movie,Friends with Benefits,,en,"Dylan and Jamie think it's going to be easy to add the simple act of sex to their friendship, despite what Hollywood romantic comedies would have them believe. They soon discover however that getting physical really does always lead to complications.",24.342,6.7,6311,7/21/2011
Unknown,Movie,1-Jan-21,7,38,,"[28, 9648, 53]",48138,movie,Unknown,,en,"A man awakens from a coma, only to discover that someone has taken on his identity and that no one, (not even his wife), believes him. With the help of a young woman, he sets out to prove who he is.",18.127,6.6,2898,2/16/2011
The Lost Pirate Kingdom,TV Show,15-Mar-21,6,37,3/15/2021,[99],118815,tv,The Lost Pirate Kingdom,['US'],en,The real-life pirates of the Caribbean violently plunder the world's riches and form a surprisingly egalitarian republic in this documentary series.,6.364,7.8,20,
Age of Samurai: Battle for Japan,TV Show,24-Feb-21,7,36,2/24/2021,"[99, 10768]",93736,tv,Age of Samurai: Battle for Japan,['US'],en,Dynamic reenactments and expert commentaries bring to life the tumultuous history and power struggles of a warring 16th-century feudal Japan.,56.594,7.0,164,
Parker,Movie,4-Mar-21,7,36,,"[28, 80]",119283,movie,Parker,,en,"A thief with a unique code of professional ethics is double-crossed by his crew and left for dead. Assuming a new disguise and forming an unlikely alliance with a woman on the inside, he looks to hijack the score of the crew's latest heist.",22.521,6.0,2391,1/23/2013
The Crew,TV Show,15-Feb-21,9,35,2/15/2021,[35],116736,tv,The Crew,['US'],en,"When the owner of the fictional NASCAR Bobby Spencer Racing team steps down and passes the team off to his daughter Catherine, the crew chief has to protect himself and his crew from her attempts to  modernize.",8.644,7.3,63,
17 Again,Movie,1-Jan-21,7,33,,[35],16996,movie,17 Again,,en,"On the brink of a midlife crisis, 30-something Mike O'Donnell wishes he could have a ""do-over."" And that's exactly what he gets when he wakes up one morning to find he's 17 years old again. With his adult mind stuck inside the body of a teenager, Mike actually has the chance to reverse some decisions he wishes he'd never made. But maybe they weren't so bad after all.",18.502,6.2,3981,3/11/2009
Moxie,Movie,3-Mar-21,7,33,,"[35, 18, 10402]",583689,movie,Moxie,,en,"Inspired by her mom's rebellious past and a confident new friend, a shy 16-year-old publishes an anonymous zine calling out sexism at her school.",74.43,7.5,463,3/3/2021
Surviving Death,TV Show,6-Jan-21,8,32,1/6/2021,[99],115391,tv,Surviving Death,['US'],en,"What happens after we die? This docuseries explores personal stories and research on near-death experiences, reincarnation and paranormal phenomena.",26.202,6.8,41,
The Little Rascals,Movie,2-Apr-21,7,31,,"[10749, 35, 10751]",10897,movie,The Little Rascals,,en,"When Alfalfa starts to question his devotion to the club's principles after falling for the beautiful nine-year old Darla, the rest of the gang sets out to keep them apart.",21.276,6.7,847,8/5/1994
All About the Benjamins,Movie,1-Feb-21,6,30,,"[28, 12, 35]",13950,movie,All About the Benjamins,,en,"Bucum Jackson (Cube) is a bounty hunter with a lot of attitude and no interest in taking on a partner. Working at Martinez Bail Bonds, Jackson has unorthodox methods of tracking down low-life criminals, but they work, and one day he hopes to become his own boss and open up his own private investigation firm. Reggie Wright (Epps) is a slippery con artist who is avoiding the law, and Jackson. During a cat and mouse chase, the two stumble on a multi-million dollar diamond heist. Hiding from Jackson, Wright finds himself in the thieves' getaway van and ends up having to escape from them after they discover their booty is fake, much to the displeasure of their ruthless boss (Flanagan). When Wright meets up with his girlfriend (Mendes), he discovers that his recently purchased lottery ticket is the sole winner of $60 million. Unfortunately, his wallet, which held the ticket, was left in the thieves' van, so he persuades Jackson to help him get it back.",9.564,6.1,114,3/8/2002
Sentinelle,Movie,5-Mar-21,4,30,,"[53, 28, 18]",793723,movie,Sentinelle,,fr,"Transferred home after a traumatizing combat mission, a highly trained French soldier uses her lethal skills to hunt down the man who hurt her sister.",391.461,6.0,392,3/5/2021
Training Day,Movie,1-Mar-21,7,30,,"[28, 80, 18, 53]",2034,movie,Training Day,,en,"On his first day on the job as a narcotics officer, a rookie cop works with a rogue detective who isn't what he appears.",19.555,7.4,4137,10/5/2001
Bling Empire,TV Show,15-Jan-21,8,29,1/15/2021,[10764],116250,tv,Bling Empire,['US'],en,"Follow LA's wildly wealthy Asian and Asian American fun seekers as they go all out with fabulous parties, glamour and drama in this reality series.",3.171,9.2,5,
Love Happens,Movie,1-May-21,6,29,,"[18, 10749]",25643,movie,Love Happens,,en,"Dr. Burke Ryan is a successful self-help author and motivational speaker with a secret. While he helps thousands of people cope with tragedy and personal loss, he secretly is unable to overcome the death of his late wife. It's not until Burke meets a fiercely independent florist named Eloise that he is forced to face his past and overcome his demons.",9.399,5.9,505,9/18/2009
Blue Miracle,Movie,27-May-21,4,27,,"[12, 18, 10751]",671295,movie,Blue Miracle,,en,"To save their cash-strapped orphanage, a guardian and his kids partner with a washed-up boat captain for a chance to win a lucrative fishing competition.",366.171,7.5,45,5/27/2021
Green Zone,Movie,1-May-21,6,27,,"[10752, 28, 12, 18, 53]",22972,movie,Green Zone,,en,"During the U.S.-led occupation of Baghdad in 2003, Chief Warrant Officer Roy Miller and his team of Army inspectors are dispatched to find weapons of mass destruction believed to be stockpiled in the Iraqi desert. Rocketing from one booby-trapped and treacherous site to the next, the men search for deadly chemical agents but stumble instead upon an elaborate cover-up that threatens to invert the purpose of their mission.",16.574,6.5,1651,3/11/2010
Sabotage,Movie,19-May-21,7,26,,"[28, 18, 53, 80]",144336,movie,Sabotage,,en,"John ""Breacher"" Wharton leads an elite DEA task force that takes on the world's deadliest drug cartels. When the team successfully executes a high-stakes raid on a cartel safe house, they think their work is done – until, one-by-one, the team members mysteriously start to be eliminated. As the body count rises, everyone is a suspect.",25.131,5.6,1043,3/28/2014
Cut Throat City,Movie,20-Jan-21,4,25,,"[28, 80, 18, 53]",493065,movie,Cut Throat City,,en,"Four boyhood friends return to New Orleans’ Lower Ninth Ward after Hurricane Katrina, to find their home decimated and prospects for work swept away. Turning to a local gangster for employment, the crew is hired to pull off a daring casino heist, right in the heart of the city.",11.471,6.7,99,7/31/2020
Marriage or Mortgage,TV Show,10-Mar-21,6,25,3/10/2021,[10764],119151,tv,Marriage or Mortgage,['US'],en,"Married or single, we've all heard it. ""You could buy a house for the price of that wedding!"" But have you ever stopped to think, what if you actually did? In the Marriage or Mortgage, a wedding planner and a real estate agent compete to win the hearts and budgets of spouses-to-be. Will they pick fairy-tale nuptials or a dream home?",1.757,10.0,1,
"Love, Death & Robots",TV Show,15-Mar-19,6,24,3/15/2019,"[16, 10765]",86831,tv,"Love, Death & Robots",['US'],en,"Terrifying creatures, wicked surprises and dark comedy converge in this NSFW anthology of animated stories presented by Tim Miller and David Fincher.",355.954,8.2,1128,
Pieces of a Woman,Movie,7-Jan-21,4,24,,[18],641662,movie,Pieces of a Woman,,en,"When a young mother's home birth ends in unfathomable tragedy, she begins a year-long odyssey of mourning that fractures relationships with loved ones in this deeply personal story of a woman learning to live alongside her loss.",13.09,7.1,728,12/30/2020
Seaspiracy,Movie,24-Mar-21,8,24,,[99],801058,movie,Seaspiracy,,en,"Passionate about ocean life, a filmmaker sets out to document the harm that humans do to marine species — and uncovers an alarming global conspiracy.",10.471,8.0,202,3/24/2021
The Vanished,Movie,15-Jan-21,12,24,,"[80, 18]",513415,movie,The Vanished,,en,Driven by the feelings of shame and hopelessness a man joins to the nearly 100.000 other Japanese who vanish without a trace each year,0.676,0.0,0,
Country Comfort,TV Show,19-Mar-21,6,23,3/19/2021,"[35, 18, 10751]",119180,tv,Country Comfort,['US'],en,"When an up-and-coming young country singer accepts a job as a nanny with a musical family, she finds the bond she's always missed.",6.028,7.7,33,
Gabby's Dollhouse,TV Show,4-Jan-21,9,23,1/5/2021,"[16, 10762]",111474,tv,Gabby's Dollhouse,['US'],en,This colorful series leads preschoolers room to room through a fantastical dollhouse of delightful mini-worlds and irresistible kitty characters.,3.284,10.0,2,
Dead Man Down,Movie,6-Nov-13,6,22,,"[53, 28, 80, 18]",102362,movie,Dead Man Down,,en,"In New York City, a crime lord's right-hand man is seduced by a woman seeking retribution.",14.896,6.1,1109,3/8/2013
Family Reunion,TV Show,10-Jul-19,5,22,7/10/2019,[35],87093,tv,Family Reunion,['US'],en,A free-spirited mom moves her family from the west coast to the Midwest and gets to know her extended family.,32.897,8.7,33,
Ragnarok,TV Show,31-Jan-20,4,22,1/31/2020,"[18, 10765, 9648]",91557,tv,Ragnarok,['NO'],no,A small Norwegian town experiencing warm winters and violent downpours seems to be headed for another Ragnarök -- unless someone intervenes in time.,1251.74,8.0,431,
Sniper: Ghost Shooter,Movie,1-Apr-21,9,21,,"[28, 18, 10752]",407375,movie,Sniper: Ghost Shooter,,en,"Elite snipers Brandon Beckett and Richard Miller are tasked with protecting a gas pipeline from terrorists looking to make a statement. When battles with the enemy lead to snipers being killed by a ghost shooter who knows their exact location, tensions boil as a security breach is suspected. Is there someone working with the enemy on the inside? Is the mission a front for other activity? Is the Colonel pulling the strings?",18.503,6.6,123,8/2/2016
The Dark Knight,Movie,1-Mar-21,8,21,,"[18, 28, 80, 53]",155,movie,The Dark Knight,,en,"Batman raises the stakes in his war on crime. With the help of Lt. Jim Gordon and District Attorney Harvey Dent, Batman sets out to dismantle the remaining criminal organizations that plague the streets. The partnership proves to be effective, but they soon find themselves prey to a reign of chaos unleashed by a rising criminal mastermind known to the terrified citizens of Gotham as the Joker.",60.486,8.5,25178,7/16/2008
Big Time Rush,TV Show,26-Mar-21,5,19,11/28/2009,[35],31356,tv,Big Time Rush,['US'],en,"Four teenage friends move from Minneapolis to Los Angeles to form a potential chart-topping boy band after Kendall is inadvertently discovered by an eccentric record executive, Gustavo Rocque. As they seize this opportunity of a lifetime, these friends embark on an exciting comedy and music-filled journey to prove to themselves and their record label that they are serious about their new career choice.",39.812,8.8,1279,
I Am All Girls,Movie,14-May-21,6,19,,"[80, 18, 9648, 53]",823855,movie,I Am All Girls,,en,A special crimes investigator forms an unlikely bond with a serial killer to bring down a global child sex trafficking syndicate.,1240.351,7.0,91,5/14/2021
Halston,TV Show,14-May-21,5,18,5/14/2021,[18],99617,tv,Halston,['US'],en,American fashion designer Halston skyrockets to fame before his life starts to spin out of control.,166.959,7.3,19,
The Innocent,TV Show,30-Apr-21,8,18,,"[18, 10749]",91390,movie,The Innocent,,en,"A young engineer is sent to post-WWII Berlin to help the Americans in spying on the Russians. In a time and place where discretion is still a man’s best friend, he falls in love with a mysterious woman who will take him on the dark side of evil.",4.677,5.5,14,9/16/1993
Jungle Beat: The Movie,Movie,14-May-21,6,17,,"[16, 10751, 878, 35]",663459,movie,Jungle Beat: The Movie,,en,The Jungle Beat animals think it’s the best thing ever when an alien arrives in the jungle bringing with him the power of speech. They also surprisingly think it’s the best thing ever when they find out that he’s been sent to conquer them.,31.155,7.3,86,7/2/2020
30 Minutes or Less,Movie,1-Jan-21,5,16,,"[28, 12, 35]",62206,movie,30 Minutes or Less,,en,"Two fledgling criminals kidnap a pizza delivery guy, strap a bomb to his chest, and advise him that he has mere hours to rob a bank or else...",12.992,5.7,1239,8/11/2011
Disenchantment,TV Show,17-Aug-18,5,16,8/17/2018,"[16, 35, 10759, 9648]",73021,tv,Disenchantment,['US'],en,"Set in a ruined medieval city called Dreamland, Disenchantment follows the grubby adventures of a hard-drinking princess, her feisty elf companion and her personal demon.",45.34,7.5,431,
Jiu Jitsu,Movie,20-Mar-21,4,16,,"[14, 28, 878]",590706,movie,Jiu Jitsu,,en,"Every six years, an ancient order of jiu-jitsu fighters joins forces to battle a vicious race of alien invaders. But when a celebrated war hero goes down in defeat, the fate of the planet and mankind hangs in the balance.",283.484,5.2,386,11/20/2020
Red Dot,Movie,11-Feb-21,5,16,,"[53, 18, 27]",649087,movie,Red Dot,,sv,"On a hiking trip to rekindle their marriage, a couple find themselves fleeing for their lives in the unforgiving wilderness from an unknown shooter.",209.679,5.9,469,2/11/2021
Tribes of Europa,TV Show,19-Feb-21,5,14,2/19/2021,"[10765, 18]",93808,tv,Tribes of Europa,['DE'],de,"2074. In the wake of a mysterious global disaster, war rages between the Tribes that have emerged from the wreckage of Europe. Three siblings from the peaceful Origine tribe are separated and forced to forge their own paths in an action-packed fight for the future of this new Europa.",113.084,7.2,186,
Legally Blonde,Movie,1-Apr-21,6,13,,[35],8835,movie,Legally Blonde,,en,"Elle Woods has it all. She's the president of her sorority, a Hawaiian Tropic girl, Miss June in her campus calendar, and, above all, a natural blonde. She dates the cutest fraternity boy on campus and wants nothing more than to be Mrs. Warner Huntington III. But, there's just one thing stopping Warner from popping the question: Elle is too blonde.",30.629,6.6,2680,7/13/2001
Saving Private Ryan,Movie,1-Apr-21,4,13,,"[18, 36, 10752]",857,movie,Saving Private Ryan,,en,"As U.S. troops storm the beaches of Normandy, three brothers lie dead on the battlefield, with a fourth trapped behind enemy lines. Ranger captain John Miller and seven men are tasked with penetrating German-held territory and bringing the boy home.",36.439,8.2,11766,7/24/1998
The Conjuring 2,Movie,21-Feb-21,4,13,,"[27, 9648, 53]",259693,movie,The Conjuring 2,,en,Lorraine and Ed Warren travel to north London to help a single mother raising four children alone in a house plagued by malicious spirits.,919.148,7.2,5907,5/13/2016
Yasuke,TV Show,29-Apr-21,4,13,4/29/2021,"[16, 18, 10759, 10765]",112166,tv,Yasuke,['US'],en,"In a war-torn feudal Japan filled with mechs and magic, the greatest ronin never known, Yasuke, struggles to maintain a peaceful existence after a past life of violence. But when a local village becomes the center of social upheaval between warring daimyo, Yasuke must take up his sword and transport a mysterious child who is the target of dark forces and bloodthirsty warlords.",19.6,8.1,89,
Squared Love,Movie,11-Feb-21,4,12,,"[35, 10749]",787298,movie,Squared Love,,pl,A celebrity journalist and renowned womanizer starts to rethink his life choices after he falls for a mysterious model who leads a double life.,31.266,6.4,177,2/11/2021
The Kominsky Method,TV Show,16-Nov-18,3,12,11/16/2018,"[35, 18]",81290,tv,The Kominsky Method,['US'],en,"An aging actor, who long ago enjoyed a brush with fame, makes his living as an acting coach.",35.264,7.6,92,
A Week Away,Movie,26-Mar-21,4,11,,"[18, 10751, 10402, 10749]",699102,movie,A Week Away,,en,"Troubled teen Will Hawkins has a run-in with the law that puts him at an important crossroad: go to juvenile detention or attend a Christian summer camp. At first a fish-out-of-water, Will opens his heart, discovers love with a camp regular, and sense of belonging in the last place he expected to find it.",62.269,7.1,198,3/26/2021
The White Tiger,Movie,22-Jan-21,2,11,,"[80, 18]",628534,movie,The White Tiger,,en,An ambitious Indian driver uses his wit and cunning to escape from poverty and rise to the top. An epic journey based on the New York Times bestseller.,26.034,7.0,529,1/13/2021
Canine Intervention,TV Show,24-Feb-21,4,10,2/24/2021,[99],117656,tv,Canine Intervention,['US'],en,"Canine Intervention follows renowned Oakland dog trainer, Jas Leverette, as he runs one of the top dog training facilities in California. Cali K9 works with all breeds and are confident in being able to correct any type of behavior issue.",5.099,7.1,46,
Hop,Movie,16-Jan-20,2,10,,"[16, 35, 10751]",50359,movie,Hop,,en,"E.B., the Easter Bunny's teenage son, heads to Hollywood, determined to become a drummer in a rock 'n' roll band. In L.A., he's taken in by Fred after the out-of-work slacker hits E.B. with his car.",13.097,5.7,909,3/30/2011
Worn Stories,TV Show,1-Apr-21,2,10,4/1/2021,[99],120008,tv,Worn Stories,['US'],en,"In this funny, heartfelt and moving docuseries, real people unpack the fascinating and quirky stories around their most meaningful pieces of clothing.",3.349,7.1,16,
Skylines,Movie,18-Mar-21,4,9,,"[878, 28]",560144,movie,Skylines,,en,"When a virus threatens to turn the now earth-dwelling friendly alien hybrids against humans, Captain Rose Corley must lead a team of elite mercenaries on a mission to the alien world in order to save what's left of humanity.",258.678,5.8,286,10/25/2020
Paradise PD,TV Show,31-Aug-18,4,8,8/31/2018,"[35, 16]",81983,tv,Paradise PD,['US'],en,"An eager young rookie joins the ragtag small-town police force led by his dad as they bumble, squabble and snort their way through a big drug case.",30.882,7.8,138,
American Me,Movie,17-Apr-21,3,7,,"[80, 18]",13199,movie,American Me,,en,"During his 18 years in Folsom Prison, street-gang leader Santana rules over all the drug-and-murder activities behind bars. Upon his release, Santana goes back to his old neighborhood, intending to lead a peaceful, crime-free life. But his old gang buddies force him back into his old habits.",10.729,7.4,201,3/13/1992
The Last Blockbuster,Movie,15-Mar-21,5,6,,[99],694681,movie,The Last Blockbuster,,en,"A documentary on the last remaining Blockbuster Video in Bend, Oregon.",5.168,6.7,40,12/15/2020
The Netflix Afterparty,TV Show,2-Jan-21,3,6,1/2/2021,"[35, 10767]",115549,tv,The Netflix Afterparty,[],en,"Hosts David Spade, Fortune Feimster and London Hughes welcome guests from the newest and biggest Netflix titles for fun conversations, skits and more.",2.604,10.0,3,
Dare Me,TV Show,29-Dec-20,2,3,12/29/2019,"[18, 9648, 80]",95259,tv,Dare Me,['US'],en,"Dive into the cutthroat world of competitive high school cheerleading, following the fraught relationship between two best friends after a new coach arrives to bring their team to prominence.",12.547,8.0,262,
Rango,Movie,28-Dec-20,1,3,,"[16, 35, 10751, 37, 12]",44896,movie,Rango,,en,"When Rango, a lost family pet, accidentally winds up in the gritty, gun-slinging town of Dirt, the less-than-courageous lizard suddenly finds he stands out. Welcomed as the last hope the town has been waiting for, new Sheriff Rango is forced to play his new role to the hilt.",37.455,6.7,4751,3/2/2011
Space Sweepers,Movie,5-Feb-21,1,3,,"[18, 14, 878]",581389,movie,Space Sweepers,,ko,"When the crew of a space junk collector ship called The Victory discovers a humanoid robot named Dorothy that's known to be a weapon of mass destruction, they get involved in a risky business deal which puts their lives at stake.",301.415,7.2,560,2/5/2021
The Secret Life of Pets 2,Movie,27-Dec-19,1,2,,"[12, 16, 35, 10751]",412117,movie,The Secret Life of Pets 2,,en,"Max the terrier must cope with some major life changes when his owner gets married and has a baby. When the family takes a trip to the countryside, nervous Max has numerous run-ins with canine-intolerant cows, hostile foxes and a scary turkey. Luckily for Max, he soon catches a break when he meets Rooster, a gruff farm dog who tries to cure the lovable pooch of his neuroses.",67.947,7.0,2147,5/24/2019
Your Highness,Movie,1-May-21,1,2,,"[35, 12, 14]",38319,movie,Your Highness,,en,"A fantasy movie about an arrogant, lazy prince and his more heroic brother who must complete a quest in order to save their father's kingdom.",12.029,5.3,977,4/8/2011
Are We There Yet?,Movie,1-Feb-21,1,1,,"[10751, 12, 35, 10749]",11637,movie,Are We There Yet?,,en,"The fledgling romance between Nick, a playboy bachelor, and Suzanne, a divorced mother of two, is threatened by a particularly harrowing New Years Eve. When Suzanne's work keeps her in Vancouver for the holiday, Nick offers to bring her kids to the city from Portland, Oregon. The kids, who have never liked any of the men their mom dates, are determined to turn the trip into a nightmare for Nick.",12.982,5.5,668,1/20/2005
Step Up Revolution,Movie,1-Mar-21,1,1,,"[10402, 18, 10749]",85446,movie,Step Up Revolution,,en,"Emily arrives in Miami with aspirations to become a professional dancer. She sparks with Sean, the leader of a dance crew whose neighborhood is threatened by Emily's father's development plans.",21.773,6.9,1711,7/26/2012
The BFG,Movie,15-Mar-21,1,1,,"[12, 10751, 14]",267935,movie,The BFG,,en,"The BFG is no ordinary bone-crunching giant. He is far too nice and jumbly. It's lucky for Sophie that he is. Had she been carried off in the middle of the night by the Bloodbottler, or any of the other giants—rather than the BFG—she would have soon become breakfast. When Sophie hears that the giants are flush-bunking off to England to swollomp a few nice little chiddlers, she decides she must stop them once and for all. And the BFG is going to help her!",28.797,6.2,2578,6/1/2016
